Series Name,Series Code,Country Name,Country Code,1990 [YR1990],2000 [YR2000],2013 [YR2013],2014 [YR2014],2015 [YR2015],2016 [YR2016],2017 [YR2017],2018 [YR2018],2019 [YR2019],2020 [YR2020],2021 [YR2021],2022 [YR2022]
"Account ownership at a financial institution or with a mobile-money-service provider, secondary education or more (% of population ages 15+)",FX.OWN.TOTL.SO.ZS,Afghanistan,AFG,..,..,..,22.6,..,..,30.56,..,..,..,23.4,..
"Account ownership at a financial institution or with a mobile-money-service provider, secondary education or more (% of population ages 15+)",FX.OWN.TOTL.SO.ZS,Albania,ALB,..,..,..,56.22,..,..,55.83,..,..,..,56.5,..
"Account ownership at a financial institution or with a mobile-money-service provider, secondary education or more (% of population ages 15+)",FX.OWN.TOTL.SO.ZS,Algeria,DZA,..,..,..,55.32,..,..,48.96,..,..,..,46.23,..
"Account ownership at a financial institution or with a mobile-money-service provider, secondary education or more (% of population ages 15+)",FX.OWN.TOTL.SO.ZS,American Samoa,ASM,..,..,..,..,..,..,..,..,..,..,..,..
"Account ownership at a financial institution or with a mobile-money-service provider, secondary education or more (% of population ages 15+)",FX.OWN.TOTL.SO.ZS,Andorra,AND,..,..,..,..,..,..,..,..,..,..,..,..
"Account ownership at a financial institution or with a mobile-money-service provider, secondary education or more (% of population ages 15+)",FX.OWN.TOTL.SO.ZS,Angola,AGO,..,..,..,70.25,..,..,..,..,..,..,..,..
"Account ownership at a financial institution or with a mobile-money-service provider, secondary education or more (% of population ages 15+)",FX.OWN.TOTL.SO.ZS,Antigua and Barbuda,ATG,..,..,..,..,..,..,..,..,..,..,..,..
"Account ownership at a financial institution or with a mobile-money-service provider, secondary education or more (% of population ages 15+)",FX.OWN.TOTL.SO.ZS,Argentina,ARG,..,..,..,48.9,..,..,52.28,..,..,..,79.69,..
"Account ownership at a financial institution or with a mobile-money-service provider, secondary education or more (% of population ages 15+)",FX.OWN.TOTL.SO.ZS,Armenia,ARM,..,..,..,20.55,..,..,47.44,..,..,..,56.7,..
"Account ownership at a financial institution or with a mobile-money-service provider, secondary education or more (% of population ages 15+)",FX.OWN.TOTL.SO.ZS,Aruba,ABW,..,..,..,..,..,..,..,..,..,..,..,..
"Account ownership at a financial institution or with a mobile-money-service provider, secondary education or more (% of population ages 15+)",FX.OWN.TOTL.SO.ZS,Australia,AUS,..,..,..,99.12,..,..,99.67,..,..,..,99.79,..
"Account ownership at a financial institution or with a mobile-money-service provider, secondary education or more (% of population ages 15+)",FX.OWN.TOTL.SO.ZS,Austria,AUT,..,..,..,96.88,..,..,98.55,..,..,..,99.95,..
"Account ownership at a financial institution or with a mobile-money-service provider, secondary education or more (% of population ages 15+)",FX.OWN.TOTL.SO.ZS,Azerbaijan,AZE,..,..,..,31.65,..,..,29.9,..,..,..,..,49.34
"Account ownership at a financial institution or with a mobile-money-service provider, secondary education or more (% of population ages 15+)",FX.OWN.TOTL.SO.ZS,"Bahamas, The",BHS,..,..,..,..,..,..,..,..,..,..,..,..
"Account ownership at a financial institution or with a mobile-money-service provider, secondary education or more (% of population ages 15+)",FX.OWN.TOTL.SO.ZS,Bahrain,BHR,..,..,..,81.98,..,..,83.51,..,..,..,..,..
"Account ownership at a financial institution or with a mobile-money-service provider, secondary education or more (% of population ages 15+)",FX.OWN.TOTL.SO.ZS,Bangladesh,BGD,..,..,..,37.21,..,..,57.23,..,..,..,56.63,..
"Account ownership at a financial institution or with a mobile-money-service provider, secondary education or more (% of population ages 15+)",FX.OWN.TOTL.SO.ZS,Barbados,BRB,..,..,..,..,..,..,..,..,..,..,..,..
"Account ownership at a financial institution or with a mobile-money-service provider, secondary education or more (% of population ages 15+)",FX.OWN.TOTL.SO.ZS,Belarus,BLR,..,..,..,78.87,..,..,89.44,..,..,..,..,..
"Account ownership at a financial institution or with a mobile-money-service provider, secondary education or more (% of population ages 15+)",FX.OWN.TOTL.SO.ZS,Belgium,BEL,..,..,..,97.85,..,..,98.84,..,..,..,99.28,..
"Account ownership at a financial institution or with a mobile-money-service provider, secondary education or more (% of population ages 15+)",FX.OWN.TOTL.SO.ZS,Belize,BLZ,..,..,..,50.81,..,..,..,..,..,..,..,..
"Account ownership at a financial institution or with a mobile-money-service provider, secondary education or more (% of population ages 15+)",FX.OWN.TOTL.SO.ZS,Benin,BEN,..,..,..,31.97,..,..,55.67,..,..,..,63.61,..
"Account ownership at a financial institution or with a mobile-money-service provider, secondary education or more (% of population ages 15+)",FX.OWN.TOTL.SO.ZS,Bermuda,BMU,..,..,..,..,..,..,..,..,..,..,..,..
"Account ownership at a financial institution or with a mobile-money-service provider, secondary education or more (% of population ages 15+)",FX.OWN.TOTL.SO.ZS,Bhutan,BTN,..,..,..,46.38,..,..,..,..,..,..,..,..
"Account ownership at a financial institution or with a mobile-money-service provider, secondary education or more (% of population ages 15+)",FX.OWN.TOTL.SO.ZS,Bolivia,BOL,..,..,..,48.16,..,..,60.69,..,..,..,75.41,..
"Account ownership at a financial institution or with a mobile-money-service provider, secondary education or more (% of population ages 15+)",FX.OWN.TOTL.SO.ZS,Bosnia and Herzegovina,BIH,..,..,..,63.02,..,..,69.26,..,..,..,90.08,..
"Account ownership at a financial institution or with a mobile-money-service provider, secondary education or more (% of population ages 15+)",FX.OWN.TOTL.SO.ZS,Botswana,BWA,..,..,..,61.73,..,..,59.88,..,..,..,..,66.79
"Account ownership at a financial institution or with a mobile-money-service provider, secondary education or more (% of population ages 15+)",FX.OWN.TOTL.SO.ZS,Brazil,BRA,..,..,..,74.79,..,..,74.39,..,..,..,85.56,..
"Account ownership at a financial institution or with a mobile-money-service provider, secondary education or more (% of population ages 15+)",FX.OWN.TOTL.SO.ZS,British Virgin Islands,VGB,..,..,..,..,..,..,..,..,..,..,..,..
"Account ownership at a financial institution or with a mobile-money-service provider, secondary education or more (% of population ages 15+)",FX.OWN.TOTL.SO.ZS,Brunei Darussalam,BRN,..,..,..,..,..,..,..,..,..,..,..,..
"Account ownership at a financial institution or with a mobile-money-service provider, secondary education or more (% of population ages 15+)",FX.OWN.TOTL.SO.ZS,Bulgaria,BGR,..,..,..,76.85,..,..,84.53,..,..,..,88.85,..
"Account ownership at a financial institution or with a mobile-money-service provider, secondary education or more (% of population ages 15+)",FX.OWN.TOTL.SO.ZS,Burkina Faso,BFA,..,..,..,37.87,..,..,63.39,..,..,..,55.4,..
"Account ownership at a financial institution or with a mobile-money-service provider, secondary education or more (% of population ages 15+)",FX.OWN.TOTL.SO.ZS,Burundi,BDI,..,..,..,28.95,..,..,..,..,..,..,..,..
"Account ownership at a financial institution or with a mobile-money-service provider, secondary education or more (% of population ages 15+)",FX.OWN.TOTL.SO.ZS,Cabo Verde,CPV,..,..,..,..,..,..,..,..,..,..,..,..
"Account ownership at a financial institution or with a mobile-money-service provider, secondary education or more (% of population ages 15+)",FX.OWN.TOTL.SO.ZS,Cambodia,KHM,..,..,..,38.92,..,..,52.7,..,..,..,61.43,..
"Account ownership at a financial institution or with a mobile-money-service provider, secondary education or more (% of population ages 15+)",FX.OWN.TOTL.SO.ZS,Cameroon,CMR,..,..,..,21.73,..,..,46.47,..,..,..,67.21,..
"Account ownership at a financial institution or with a mobile-money-service provider, secondary education or more (% of population ages 15+)",FX.OWN.TOTL.SO.ZS,Canada,CAN,..,..,..,99.57,..,..,99.87,..,..,..,99.88,..
"Account ownership at a financial institution or with a mobile-money-service provider, secondary education or more (% of population ages 15+)",FX.OWN.TOTL.SO.ZS,Cayman Islands,CYM,..,..,..,..,..,..,..,..,..,..,..,..
"Account ownership at a financial institution or with a mobile-money-service provider, secondary education or more (% of population ages 15+)",FX.OWN.TOTL.SO.ZS,Central African Republic,CAF,..,..,..,..,..,..,28.65,..,..,..,..,..
"Account ownership at a financial institution or with a mobile-money-service provider, secondary education or more (% of population ages 15+)",FX.OWN.TOTL.SO.ZS,Chad,TCD,..,..,..,25.97,..,..,45.84,..,..,..,..,41.4
"Account ownership at a financial institution or with a mobile-money-service provider, secondary education or more (% of population ages 15+)",FX.OWN.TOTL.SO.ZS,Channel Islands,CHI,..,..,..,..,..,..,..,..,..,..,..,..
"Account ownership at a financial institution or with a mobile-money-service provider, secondary education or more (% of population ages 15+)",FX.OWN.TOTL.SO.ZS,Chile,CHL,..,..,..,71.31,..,..,80.92,..,..,..,93.03,..
"Account ownership at a financial institution or with a mobile-money-service provider, secondary education or more (% of population ages 15+)",FX.OWN.TOTL.SO.ZS,China,CHN,..,..,..,89.84,..,..,94.14,..,..,..,97.21,..
"Account ownership at a financial institution or with a mobile-money-service provider, secondary education or more (% of population ages 15+)",FX.OWN.TOTL.SO.ZS,Colombia,COL,..,..,..,46.13,..,..,53.34,..,..,..,64.66,..
"Account ownership at a financial institution or with a mobile-money-service provider, secondary education or more (% of population ages 15+)",FX.OWN.TOTL.SO.ZS,Comoros,COM,..,..,..,..,..,..,..,..,..,..,..,41.65
"Account ownership at a financial institution or with a mobile-money-service provider, secondary education or more (% of population ages 15+)",FX.OWN.TOTL.SO.ZS,"Congo, Dem. Rep.",COD,..,..,..,23.38,..,..,29.91,..,..,..,..,36.76
"Account ownership at a financial institution or with a mobile-money-service provider, secondary education or more (% of population ages 15+)",FX.OWN.TOTL.SO.ZS,"Congo, Rep.",COG,..,..,..,23.35,..,..,33.51,..,..,..,57.76,..
"Account ownership at a financial institution or with a mobile-money-service provider, secondary education or more (% of population ages 15+)",FX.OWN.TOTL.SO.ZS,Costa Rica,CRI,..,..,..,73.36,..,..,73.26,..,..,..,79.97,..
"Account ownership at a financial institution or with a mobile-money-service provider, secondary education or more (% of population ages 15+)",FX.OWN.TOTL.SO.ZS,Cote d'Ivoire,CIV,..,..,..,47.71,..,..,60.32,..,..,..,69.25,..
"Account ownership at a financial institution or with a mobile-money-service provider, secondary education or more (% of population ages 15+)",FX.OWN.TOTL.SO.ZS,Croatia,HRV,..,..,..,93.56,..,..,95.92,..,..,..,96.75,..
"Account ownership at a financial institution or with a mobile-money-service provider, secondary education or more (% of population ages 15+)",FX.OWN.TOTL.SO.ZS,Cuba,CUB,..,..,..,..,..,..,..,..,..,..,..,..
"Account ownership at a financial institution or with a mobile-money-service provider, secondary education or more (% of population ages 15+)",FX.OWN.TOTL.SO.ZS,Curacao,CUW,..,..,..,..,..,..,..,..,..,..,..,..
"Account ownership at a financial institution or with a mobile-money-service provider, secondary education or more (% of population ages 15+)",FX.OWN.TOTL.SO.ZS,Cyprus,CYP,..,..,..,91.83,..,..,91.32,..,..,..,94.25,..
"Account ownership at a financial institution or with a mobile-money-service provider, secondary education or more (% of population ages 15+)",FX.OWN.TOTL.SO.ZS,Czechia,CZE,..,..,..,89.31,..,..,91.22,..,..,..,96.48,..
"Account ownership at a financial institution or with a mobile-money-service provider, secondary education or more (% of population ages 15+)",FX.OWN.TOTL.SO.ZS,Denmark,DNK,..,..,..,100,..,..,99.91,..,..,..,100,..
"Account ownership at a financial institution or with a mobile-money-service provider, secondary education or more (% of population ages 15+)",FX.OWN.TOTL.SO.ZS,Djibouti,DJI,..,..,..,..,..,..,..,..,..,..,..,..
"Account ownership at a financial institution or with a mobile-money-service provider, secondary education or more (% of population ages 15+)",FX.OWN.TOTL.SO.ZS,Dominica,DMA,..,..,..,..,..,..,..,..,..,..,..,..
"Account ownership at a financial institution or with a mobile-money-service provider, secondary education or more (% of population ages 15+)",FX.OWN.TOTL.SO.ZS,Dominican Republic,DOM,..,..,..,72.82,..,..,72.53,..,..,..,64.67,..
"Account ownership at a financial institution or with a mobile-money-service provider, secondary education or more (% of population ages 15+)",FX.OWN.TOTL.SO.ZS,Ecuador,ECU,..,..,..,51.31,..,..,55.01,..,..,..,66.56,..
"Account ownership at a financial institution or with a mobile-money-service provider, secondary education or more (% of population ages 15+)",FX.OWN.TOTL.SO.ZS,"Egypt, Arab Rep.",EGY,..,..,..,18.86,..,..,33.4,..,..,..,30.27,..
"Account ownership at a financial institution or with a mobile-money-service provider, secondary education or more (% of population ages 15+)",FX.OWN.TOTL.SO.ZS,El Salvador,SLV,..,..,..,52.21,..,..,39.85,..,..,..,50.67,..
"Account ownership at a financial institution or with a mobile-money-service provider, secondary education or more (% of population ages 15+)",FX.OWN.TOTL.SO.ZS,Equatorial Guinea,GNQ,..,..,..,..,..,..,..,..,..,..,..,..
"Account ownership at a financial institution or with a mobile-money-service provider, secondary education or more (% of population ages 15+)",FX.OWN.TOTL.SO.ZS,Eritrea,ERI,..,..,..,..,..,..,..,..,..,..,..,..
"Account ownership at a financial institution or with a mobile-money-service provider, secondary education or more (% of population ages 15+)",FX.OWN.TOTL.SO.ZS,Estonia,EST,..,..,..,99.6,..,..,99.05,..,..,..,99.6,..
"Account ownership at a financial institution or with a mobile-money-service provider, secondary education or more (% of population ages 15+)",FX.OWN.TOTL.SO.ZS,Eswatini,SWZ,..,..,..,..,..,..,..,..,..,..,..,74
"Account ownership at a financial institution or with a mobile-money-service provider, secondary education or more (% of population ages 15+)",FX.OWN.TOTL.SO.ZS,Ethiopia,ETH,..,..,..,37.2,..,..,65.04,..,..,..,..,79.88
"Account ownership at a financial institution or with a mobile-money-service provider, secondary education or more (% of population ages 15+)",FX.OWN.TOTL.SO.ZS,Faroe Islands,FRO,..,..,..,..,..,..,..,..,..,..,..,..
"Account ownership at a financial institution or with a mobile-money-service provider, secondary education or more (% of population ages 15+)",FX.OWN.TOTL.SO.ZS,Fiji,FJI,..,..,..,..,..,..,..,..,..,..,..,..
"Account ownership at a financial institution or with a mobile-money-service provider, secondary education or more (% of population ages 15+)",FX.OWN.TOTL.SO.ZS,Finland,FIN,..,..,..,100,..,..,100,..,..,..,100,..
"Account ownership at a financial institution or with a mobile-money-service provider, secondary education or more (% of population ages 15+)",FX.OWN.TOTL.SO.ZS,France,FRA,..,..,..,97.26,..,..,97.23,..,..,..,99.76,..
"Account ownership at a financial institution or with a mobile-money-service provider, secondary education or more (% of population ages 15+)",FX.OWN.TOTL.SO.ZS,French Polynesia,PYF,..,..,..,..,..,..,..,..,..,..,..,..
"Account ownership at a financial institution or with a mobile-money-service provider, secondary education or more (% of population ages 15+)",FX.OWN.TOTL.SO.ZS,Gabon,GAB,..,..,..,45.18,..,..,72.4,..,..,..,75.72,..
"Account ownership at a financial institution or with a mobile-money-service provider, secondary education or more (% of population ages 15+)",FX.OWN.TOTL.SO.ZS,"Gambia, The",GMB,..,..,..,..,..,..,42.32,..,..,..,..,47.11
"Account ownership at a financial institution or with a mobile-money-service provider, secondary education or more (% of population ages 15+)",FX.OWN.TOTL.SO.ZS,Georgia,GEO,..,..,..,40.96,..,..,64.83,..,..,..,74.55,..
"Account ownership at a financial institution or with a mobile-money-service provider, secondary education or more (% of population ages 15+)",FX.OWN.TOTL.SO.ZS,Germany,DEU,..,..,..,98.8,..,..,99.3,..,..,..,99.97,..
"Account ownership at a financial institution or with a mobile-money-service provider, secondary education or more (% of population ages 15+)",FX.OWN.TOTL.SO.ZS,Ghana,GHA,..,..,..,53.55,..,..,67.55,..,..,..,80.97,..
"Account ownership at a financial institution or with a mobile-money-service provider, secondary education or more (% of population ages 15+)",FX.OWN.TOTL.SO.ZS,Gibraltar,GIB,..,..,..,..,..,..,..,..,..,..,..,..
"Account ownership at a financial institution or with a mobile-money-service provider, secondary education or more (% of population ages 15+)",FX.OWN.TOTL.SO.ZS,Greece,GRC,..,..,..,86.74,..,..,84.98,..,..,..,95.11,..
"Account ownership at a financial institution or with a mobile-money-service provider, secondary education or more (% of population ages 15+)",FX.OWN.TOTL.SO.ZS,Greenland,GRL,..,..,..,..,..,..,..,..,..,..,..,..
"Account ownership at a financial institution or with a mobile-money-service provider, secondary education or more (% of population ages 15+)",FX.OWN.TOTL.SO.ZS,Grenada,GRD,..,..,..,..,..,..,..,..,..,..,..,..
"Account ownership at a financial institution or with a mobile-money-service provider, secondary education or more (% of population ages 15+)",FX.OWN.TOTL.SO.ZS,Guam,GUM,..,..,..,..,..,..,..,..,..,..,..,..
"Account ownership at a financial institution or with a mobile-money-service provider, secondary education or more (% of population ages 15+)",FX.OWN.TOTL.SO.ZS,Guatemala,GTM,..,..,..,53.18,..,..,55.8,..,..,..,..,46.38
"Account ownership at a financial institution or with a mobile-money-service provider, secondary education or more (% of population ages 15+)",FX.OWN.TOTL.SO.ZS,Guinea,GIN,..,..,..,23.62,..,..,47.17,..,..,..,55.72,..
"Account ownership at a financial institution or with a mobile-money-service provider, secondary education or more (% of population ages 15+)",FX.OWN.TOTL.SO.ZS,Guinea-Bissau,GNB,..,..,..,..,..,..,..,..,..,..,..,..
"Account ownership at a financial institution or with a mobile-money-service provider, secondary education or more (% of population ages 15+)",FX.OWN.TOTL.SO.ZS,Guyana,GUY,..,..,..,..,..,..,..,..,..,..,..,..
"Account ownership at a financial institution or with a mobile-money-service provider, secondary education or more (% of population ages 15+)",FX.OWN.TOTL.SO.ZS,Haiti,HTI,..,..,..,22.85,..,..,42.17,..,..,..,..,..
"Account ownership at a financial institution or with a mobile-money-service provider, secondary education or more (% of population ages 15+)",FX.OWN.TOTL.SO.ZS,Honduras,HND,..,..,..,44.62,..,..,56.33,..,..,..,50.1,..
"Account ownership at a financial institution or with a mobile-money-service provider, secondary education or more (% of population ages 15+)",FX.OWN.TOTL.SO.ZS,"Hong Kong SAR, China",HKG,..,..,..,96.97,..,..,96.66,..,..,..,98.14,..
"Account ownership at a financial institution or with a mobile-money-service provider, secondary education or more (% of population ages 15+)",FX.OWN.TOTL.SO.ZS,Hungary,HUN,..,..,..,83.53,..,..,82.77,..,..,..,92.89,..
"Account ownership at a financial institution or with a mobile-money-service provider, secondary education or more (% of population ages 15+)",FX.OWN.TOTL.SO.ZS,Iceland,ISL,..,..,..,..,..,..,..,..,..,..,100,..
"Account ownership at a financial institution or with a mobile-money-service provider, secondary education or more (% of population ages 15+)",FX.OWN.TOTL.SO.ZS,India,IND,..,..,..,64.23,..,..,84.94,..,..,..,81.3,..
"Account ownership at a financial institution or with a mobile-money-service provider, secondary education or more (% of population ages 15+)",FX.OWN.TOTL.SO.ZS,Indonesia,IDN,..,..,..,53.7,..,..,62.72,..,..,..,61.89,..
"Account ownership at a financial institution or with a mobile-money-service provider, secondary education or more (% of population ages 15+)",FX.OWN.TOTL.SO.ZS,"Iran, Islamic Rep.",IRN,..,..,..,92.85,..,..,94.72,..,..,..,92.73,..
"Account ownership at a financial institution or with a mobile-money-service provider, secondary education or more (% of population ages 15+)",FX.OWN.TOTL.SO.ZS,Iraq,IRQ,..,..,..,13.08,..,..,27.95,..,..,..,22.97,..
"Account ownership at a financial institution or with a mobile-money-service provider, secondary education or more (% of population ages 15+)",FX.OWN.TOTL.SO.ZS,Ireland,IRL,..,..,..,97.32,..,..,96.2,..,..,..,99.62,..
"Account ownership at a financial institution or with a mobile-money-service provider, secondary education or more (% of population ages 15+)",FX.OWN.TOTL.SO.ZS,Isle of Man,IMN,..,..,..,..,..,..,..,..,..,..,..,..
"Account ownership at a financial institution or with a mobile-money-service provider, secondary education or more (% of population ages 15+)",FX.OWN.TOTL.SO.ZS,Israel,ISR,..,..,..,90.17,..,..,93.01,..,..,..,94.27,..
"Account ownership at a financial institution or with a mobile-money-service provider, secondary education or more (% of population ages 15+)",FX.OWN.TOTL.SO.ZS,Italy,ITA,..,..,..,94.58,..,..,96.31,..,..,..,97.32,..
"Account ownership at a financial institution or with a mobile-money-service provider, secondary education or more (% of population ages 15+)",FX.OWN.TOTL.SO.ZS,Jamaica,JAM,..,..,..,81.36,..,..,..,..,..,..,82.81,..
"Account ownership at a financial institution or with a mobile-money-service provider, secondary education or more (% of population ages 15+)",FX.OWN.TOTL.SO.ZS,Japan,JPN,..,..,..,99.67,..,..,99.49,..,..,..,99.22,..
"Account ownership at a financial institution or with a mobile-money-service provider, secondary education or more (% of population ages 15+)",FX.OWN.TOTL.SO.ZS,Jordan,JOR,..,..,..,26.87,..,..,44.59,..,..,..,50.17,..
"Account ownership at a financial institution or with a mobile-money-service provider, secondary education or more (% of population ages 15+)",FX.OWN.TOTL.SO.ZS,Kazakhstan,KAZ,..,..,..,58.19,..,..,64.47,..,..,..,84.26,..
"Account ownership at a financial institution or with a mobile-money-service provider, secondary education or more (% of population ages 15+)",FX.OWN.TOTL.SO.ZS,Kenya,KEN,..,..,..,85.73,..,..,91.55,..,..,..,88.21,..
"Account ownership at a financial institution or with a mobile-money-service provider, secondary education or more (% of population ages 15+)",FX.OWN.TOTL.SO.ZS,Kiribati,KIR,..,..,..,..,..,..,..,..,..,..,..,..
"Account ownership at a financial institution or with a mobile-money-service provider, secondary education or more (% of population ages 15+)",FX.OWN.TOTL.SO.ZS,"Korea, Dem. People's Rep.",PRK,..,..,..,..,..,..,..,..,..,..,..,..
"Account ownership at a financial institution or with a mobile-money-service provider, secondary education or more (% of population ages 15+)",FX.OWN.TOTL.SO.ZS,"Korea, Rep.",KOR,..,..,..,95.46,..,..,96.8,..,..,..,99.26,..
"Account ownership at a financial institution or with a mobile-money-service provider, secondary education or more (% of population ages 15+)",FX.OWN.TOTL.SO.ZS,Kosovo,XKX,..,..,..,62.83,..,..,65.1,..,..,..,72.53,..
"Account ownership at a financial institution or with a mobile-money-service provider, secondary education or more (% of population ages 15+)",FX.OWN.TOTL.SO.ZS,Kuwait,KWT,..,..,..,75.6,..,..,81.61,..,..,..,..,..
"Account ownership at a financial institution or with a mobile-money-service provider, secondary education or more (% of population ages 15+)",FX.OWN.TOTL.SO.ZS,Kyrgyz Republic,KGZ,..,..,..,21.57,..,..,43.54,..,..,..,48.88,..
"Account ownership at a financial institution or with a mobile-money-service provider, secondary education or more (% of population ages 15+)",FX.OWN.TOTL.SO.ZS,Lao PDR,LAO,..,..,..,..,..,..,41.85,..,..,..,57.9,..
"Account ownership at a financial institution or with a mobile-money-service provider, secondary education or more (% of population ages 15+)",FX.OWN.TOTL.SO.ZS,Latvia,LVA,..,..,..,94.91,..,..,97.21,..,..,..,98.07,..
"Account ownership at a financial institution or with a mobile-money-service provider, secondary education or more (% of population ages 15+)",FX.OWN.TOTL.SO.ZS,Lebanon,LBN,..,..,..,55.17,..,..,51.09,..,..,..,23.07,..
"Account ownership at a financial institution or with a mobile-money-service provider, secondary education or more (% of population ages 15+)",FX.OWN.TOTL.SO.ZS,Lesotho,LSO,..,..,..,..,..,..,63.37,..,..,..,..,77.48
"Account ownership at a financial institution or with a mobile-money-service provider, secondary education or more (% of population ages 15+)",FX.OWN.TOTL.SO.ZS,Liberia,LBR,..,..,..,..,..,..,58.66,..,..,..,70.59,..
"Account ownership at a financial institution or with a mobile-money-service provider, secondary education or more (% of population ages 15+)",FX.OWN.TOTL.SO.ZS,Libya,LBY,..,..,..,..,..,..,69.34,..,..,..,..,..
"Account ownership at a financial institution or with a mobile-money-service provider, secondary education or more (% of population ages 15+)",FX.OWN.TOTL.SO.ZS,Liechtenstein,LIE,..,..,..,..,..,..,..,..,..,..,..,..
"Account ownership at a financial institution or with a mobile-money-service provider, secondary education or more (% of population ages 15+)",FX.OWN.TOTL.SO.ZS,Lithuania,LTU,..,..,..,89.41,..,..,87.25,..,..,..,95.55,..
"Account ownership at a financial institution or with a mobile-money-service provider, secondary education or more (% of population ages 15+)",FX.OWN.TOTL.SO.ZS,Luxembourg,LUX,..,..,..,96.19,..,..,99.37,..,..,..,..,..
"Account ownership at a financial institution or with a mobile-money-service provider, secondary education or more (% of population ages 15+)",FX.OWN.TOTL.SO.ZS,"Macao SAR, China",MAC,..,..,..,..,..,..,..,..,..,..,..,..
"Account ownership at a financial institution or with a mobile-money-service provider, secondary education or more (% of population ages 15+)",FX.OWN.TOTL.SO.ZS,Madagascar,MDG,..,..,..,28.5,..,..,39.48,..,..,..,..,45.34
"Account ownership at a financial institution or with a mobile-money-service provider, secondary education or more (% of population ages 15+)",FX.OWN.TOTL.SO.ZS,Malawi,MWI,..,..,..,37.2,..,..,55.27,..,..,..,70.59,..
"Account ownership at a financial institution or with a mobile-money-service provider, secondary education or more (% of population ages 15+)",FX.OWN.TOTL.SO.ZS,Malaysia,MYS,..,..,..,84.37,..,..,87.54,..,..,..,92.94,..
"Account ownership at a financial institution or with a mobile-money-service provider, secondary education or more (% of population ages 15+)",FX.OWN.TOTL.SO.ZS,Maldives,MDV,..,..,..,..,..,..,83.16,..,..,..,..,..
"Account ownership at a financial institution or with a mobile-money-service provider, secondary education or more (% of population ages 15+)",FX.OWN.TOTL.SO.ZS,Mali,MLI,..,..,..,35.02,..,..,59.47,..,..,..,65.33,..
"Account ownership at a financial institution or with a mobile-money-service provider, secondary education or more (% of population ages 15+)",FX.OWN.TOTL.SO.ZS,Malta,MLT,..,..,..,97.22,..,..,97.32,..,..,..,96.79,..
"Account ownership at a financial institution or with a mobile-money-service provider, secondary education or more (% of population ages 15+)",FX.OWN.TOTL.SO.ZS,Marshall Islands,MHL,..,..,..,..,..,..,..,..,..,..,..,..
"Account ownership at a financial institution or with a mobile-money-service provider, secondary education or more (% of population ages 15+)",FX.OWN.TOTL.SO.ZS,Mauritania,MRT,..,..,..,31.7,..,..,32.17,..,..,..,..,41.36
"Account ownership at a financial institution or with a mobile-money-service provider, secondary education or more (% of population ages 15+)",FX.OWN.TOTL.SO.ZS,Mauritius,MUS,..,..,..,86.68,..,..,90.75,..,..,..,93.74,..
"Account ownership at a financial institution or with a mobile-money-service provider, secondary education or more (% of population ages 15+)",FX.OWN.TOTL.SO.ZS,Mexico,MEX,..,..,..,46.23,..,..,43.77,..,..,..,..,56.31
"Account ownership at a financial institution or with a mobile-money-service provider, secondary education or more (% of population ages 15+)",FX.OWN.TOTL.SO.ZS,"Micronesia, Fed. Sts.",FSM,..,..,..,..,..,..,..,..,..,..,..,..
"Account ownership at a financial institution or with a mobile-money-service provider, secondary education or more (% of population ages 15+)",FX.OWN.TOTL.SO.ZS,Moldova,MDA,..,..,..,21.8,..,..,48.07,..,..,..,66.94,..
"Account ownership at a financial institution or with a mobile-money-service provider, secondary education or more (% of population ages 15+)",FX.OWN.TOTL.SO.ZS,Monaco,MCO,..,..,..,..,..,..,..,..,..,..,..,..
"Account ownership at a financial institution or with a mobile-money-service provider, secondary education or more (% of population ages 15+)",FX.OWN.TOTL.SO.ZS,Mongolia,MNG,..,..,..,96.88,..,..,96.04,..,..,..,99.07,..
"Account ownership at a financial institution or with a mobile-money-service provider, secondary education or more (% of population ages 15+)",FX.OWN.TOTL.SO.ZS,Montenegro,MNE,..,..,..,70.18,..,..,77.78,..,..,..,..,..
"Account ownership at a financial institution or with a mobile-money-service provider, secondary education or more (% of population ages 15+)",FX.OWN.TOTL.SO.ZS,Morocco,MAR,..,..,..,..,..,..,43.65,..,..,..,57.77,..
"Account ownership at a financial institution or with a mobile-money-service provider, secondary education or more (% of population ages 15+)",FX.OWN.TOTL.SO.ZS,Mozambique,MOZ,..,..,..,..,..,..,75.31,..,..,..,84.31,..
"Account ownership at a financial institution or with a mobile-money-service provider, secondary education or more (% of population ages 15+)",FX.OWN.TOTL.SO.ZS,Myanmar,MMR,..,..,..,26.44,..,..,30.49,..,..,..,67.7,..
"Account ownership at a financial institution or with a mobile-money-service provider, secondary education or more (% of population ages 15+)",FX.OWN.TOTL.SO.ZS,Namibia,NAM,..,..,..,71.88,..,..,85.12,..,..,..,78.08,..
"Account ownership at a financial institution or with a mobile-money-service provider, secondary education or more (% of population ages 15+)",FX.OWN.TOTL.SO.ZS,Nauru,NRU,..,..,..,..,..,..,..,..,..,..,..,..
"Account ownership at a financial institution or with a mobile-money-service provider, secondary education or more (% of population ages 15+)",FX.OWN.TOTL.SO.ZS,Nepal,NPL,..,..,..,51.94,..,..,58.6,..,..,..,63.3,..
"Account ownership at a financial institution or with a mobile-money-service provider, secondary education or more (% of population ages 15+)",FX.OWN.TOTL.SO.ZS,Netherlands,NLD,..,..,..,99.24,..,..,99.61,..,..,..,99.72,..
"Account ownership at a financial institution or with a mobile-money-service provider, secondary education or more (% of population ages 15+)",FX.OWN.TOTL.SO.ZS,New Caledonia,NCL,..,..,..,..,..,..,..,..,..,..,..,..
"Account ownership at a financial institution or with a mobile-money-service provider, secondary education or more (% of population ages 15+)",FX.OWN.TOTL.SO.ZS,New Zealand,NZL,..,..,..,99.76,..,..,99.05,..,..,..,99.1,..
"Account ownership at a financial institution or with a mobile-money-service provider, secondary education or more (% of population ages 15+)",FX.OWN.TOTL.SO.ZS,Nicaragua,NIC,..,..,..,26.36,..,..,35.68,..,..,..,37.13,..
"Account ownership at a financial institution or with a mobile-money-service provider, secondary education or more (% of population ages 15+)",FX.OWN.TOTL.SO.ZS,Niger,NER,..,..,..,27.36,..,..,46.58,..,..,..,..,28.62
"Account ownership at a financial institution or with a mobile-money-service provider, secondary education or more (% of population ages 15+)",FX.OWN.TOTL.SO.ZS,Nigeria,NGA,..,..,..,56.03,..,..,59.3,..,..,..,65.2,..
"Account ownership at a financial institution or with a mobile-money-service provider, secondary education or more (% of population ages 15+)",FX.OWN.TOTL.SO.ZS,North Macedonia,MKD,..,..,..,88.27,..,..,88.34,..,..,..,91.76,..
"Account ownership at a financial institution or with a mobile-money-service provider, secondary education or more (% of population ages 15+)",FX.OWN.TOTL.SO.ZS,Northern Mariana Islands,MNP,..,..,..,..,..,..,..,..,..,..,..,..
"Account ownership at a financial institution or with a mobile-money-service provider, secondary education or more (% of population ages 15+)",FX.OWN.TOTL.SO.ZS,Norway,NOR,..,..,..,100,..,..,100,..,..,..,100,..
"Account ownership at a financial institution or with a mobile-money-service provider, secondary education or more (% of population ages 15+)",FX.OWN.TOTL.SO.ZS,Oman,OMN,..,..,..,..,..,..,..,..,..,..,..,..
"Account ownership at a financial institution or with a mobile-money-service provider, secondary education or more (% of population ages 15+)",FX.OWN.TOTL.SO.ZS,Pakistan,PAK,..,..,..,25.19,..,..,34.03,..,..,..,35.3,..
"Account ownership at a financial institution or with a mobile-money-service provider, secondary education or more (% of population ages 15+)",FX.OWN.TOTL.SO.ZS,Palau,PLW,..,..,..,..,..,..,..,..,..,..,..,..
"Account ownership at a financial institution or with a mobile-money-service provider, secondary education or more (% of population ages 15+)",FX.OWN.TOTL.SO.ZS,Panama,PAN,..,..,..,50.49,..,..,49.32,..,..,..,51.92,..
"Account ownership at a financial institution or with a mobile-money-service provider, secondary education or more (% of population ages 15+)",FX.OWN.TOTL.SO.ZS,Papua New Guinea,PNG,..,..,..,..,..,..,..,..,..,..,..,..
"Account ownership at a financial institution or with a mobile-money-service provider, secondary education or more (% of population ages 15+)",FX.OWN.TOTL.SO.ZS,Paraguay,PRY,..,..,..,..,..,..,51.14,..,..,..,61.19,..
"Account ownership at a financial institution or with a mobile-money-service provider, secondary education or more (% of population ages 15+)",FX.OWN.TOTL.SO.ZS,Peru,PER,..,..,..,33.14,..,..,44.89,..,..,..,61.62,..
"Account ownership at a financial institution or with a mobile-money-service provider, secondary education or more (% of population ages 15+)",FX.OWN.TOTL.SO.ZS,Philippines,PHL,..,..,..,36.83,..,..,41.35,..,..,..,61.18,..
"Account ownership at a financial institution or with a mobile-money-service provider, secondary education or more (% of population ages 15+)",FX.OWN.TOTL.SO.ZS,Poland,POL,..,..,..,83.68,..,..,89.99,..,..,..,96.35,..
"Account ownership at a financial institution or with a mobile-money-service provider, secondary education or more (% of population ages 15+)",FX.OWN.TOTL.SO.ZS,Portugal,PRT,..,..,..,95.64,..,..,95.5,..,..,..,94.09,..
"Account ownership at a financial institution or with a mobile-money-service provider, secondary education or more (% of population ages 15+)",FX.OWN.TOTL.SO.ZS,Puerto Rico,PRI,..,..,..,77.51,..,..,..,..,..,..,..,..
"Account ownership at a financial institution or with a mobile-money-service provider, secondary education or more (% of population ages 15+)",FX.OWN.TOTL.SO.ZS,Qatar,QAT,..,..,..,..,..,..,..,..,..,..,..,..
"Account ownership at a financial institution or with a mobile-money-service provider, secondary education or more (% of population ages 15+)",FX.OWN.TOTL.SO.ZS,Romania,ROU,..,..,..,72.26,..,..,69.52,..,..,..,76.13,..
"Account ownership at a financial institution or with a mobile-money-service provider, secondary education or more (% of population ages 15+)",FX.OWN.TOTL.SO.ZS,Russian Federation,RUS,..,..,..,73.16,..,..,79.58,..,..,..,90.49,..
"Account ownership at a financial institution or with a mobile-money-service provider, secondary education or more (% of population ages 15+)",FX.OWN.TOTL.SO.ZS,Rwanda,RWA,..,..,..,57.54,..,..,69.84,..,..,..,..,..
"Account ownership at a financial institution or with a mobile-money-service provider, secondary education or more (% of population ages 15+)",FX.OWN.TOTL.SO.ZS,Samoa,WSM,..,..,..,..,..,..,..,..,..,..,..,..
"Account ownership at a financial institution or with a mobile-money-service provider, secondary education or more (% of population ages 15+)",FX.OWN.TOTL.SO.ZS,San Marino,SMR,..,..,..,..,..,..,..,..,..,..,..,..
"Account ownership at a financial institution or with a mobile-money-service provider, secondary education or more (% of population ages 15+)",FX.OWN.TOTL.SO.ZS,Sao Tome and Principe,STP,..,..,..,..,..,..,..,..,..,..,..,..
"Account ownership at a financial institution or with a mobile-money-service provider, secondary education or more (% of population ages 15+)",FX.OWN.TOTL.SO.ZS,Saudi Arabia,SAU,..,..,..,70.87,..,..,72.65,..,..,..,74.22,..
"Account ownership at a financial institution or with a mobile-money-service provider, secondary education or more (% of population ages 15+)",FX.OWN.TOTL.SO.ZS,Senegal,SEN,..,..,..,27.28,..,..,54.15,..,..,..,70.68,..
"Account ownership at a financial institution or with a mobile-money-service provider, secondary education or more (% of population ages 15+)",FX.OWN.TOTL.SO.ZS,Serbia,SRB,..,..,..,86.7,..,..,80.55,..,..,..,94.37,..
"Account ownership at a financial institution or with a mobile-money-service provider, secondary education or more (% of population ages 15+)",FX.OWN.TOTL.SO.ZS,Seychelles,SYC,..,..,..,..,..,..,..,..,..,..,..,..
"Account ownership at a financial institution or with a mobile-money-service provider, secondary education or more (% of population ages 15+)",FX.OWN.TOTL.SO.ZS,Sierra Leone,SLE,..,..,..,13.66,..,..,43.71,..,..,..,44.58,..
"Account ownership at a financial institution or with a mobile-money-service provider, secondary education or more (% of population ages 15+)",FX.OWN.TOTL.SO.ZS,Singapore,SGP,..,..,..,96.75,..,..,99.06,..,..,..,98.96,..
"Account ownership at a financial institution or with a mobile-money-service provider, secondary education or more (% of population ages 15+)",FX.OWN.TOTL.SO.ZS,Sint Maarten (Dutch part),SXM,..,..,..,..,..,..,..,..,..,..,..,..
"Account ownership at a financial institution or with a mobile-money-service provider, secondary education or more (% of population ages 15+)",FX.OWN.TOTL.SO.ZS,Slovak Republic,SVK,..,..,..,89.15,..,..,91.99,..,..,..,96.98,..
"Account ownership at a financial institution or with a mobile-money-service provider, secondary education or more (% of population ages 15+)",FX.OWN.TOTL.SO.ZS,Slovenia,SVN,..,..,..,99.12,..,..,98.54,..,..,..,99.56,..
"Account ownership at a financial institution or with a mobile-money-service provider, secondary education or more (% of population ages 15+)",FX.OWN.TOTL.SO.ZS,Solomon Islands,SLB,..,..,..,..,..,..,..,..,..,..,..,..
"Account ownership at a financial institution or with a mobile-money-service provider, secondary education or more (% of population ages 15+)",FX.OWN.TOTL.SO.ZS,Somalia,SOM,..,..,..,68.9,..,..,..,..,..,..,..,..
"Account ownership at a financial institution or with a mobile-money-service provider, secondary education or more (% of population ages 15+)",FX.OWN.TOTL.SO.ZS,South Africa,ZAF,..,..,..,73.84,..,..,71.16,..,..,..,88.59,..
"Account ownership at a financial institution or with a mobile-money-service provider, secondary education or more (% of population ages 15+)",FX.OWN.TOTL.SO.ZS,South Sudan,SSD,..,..,..,..,..,..,23.59,..,..,..,21.91,..
"Account ownership at a financial institution or with a mobile-money-service provider, secondary education or more (% of population ages 15+)",FX.OWN.TOTL.SO.ZS,Spain,ESP,..,..,..,98.09,..,..,95.84,..,..,..,98.8,..
"Account ownership at a financial institution or with a mobile-money-service provider, secondary education or more (% of population ages 15+)",FX.OWN.TOTL.SO.ZS,Sri Lanka,LKA,..,..,..,91.32,..,..,85.35,..,..,..,92.98,..
"Account ownership at a financial institution or with a mobile-money-service provider, secondary education or more (% of population ages 15+)",FX.OWN.TOTL.SO.ZS,St. Kitts and Nevis,KNA,..,..,..,..,..,..,..,..,..,..,..,..
"Account ownership at a financial institution or with a mobile-money-service provider, secondary education or more (% of population ages 15+)",FX.OWN.TOTL.SO.ZS,St. Lucia,LCA,..,..,..,..,..,..,..,..,..,..,..,..
"Account ownership at a financial institution or with a mobile-money-service provider, secondary education or more (% of population ages 15+)",FX.OWN.TOTL.SO.ZS,St. Martin (French part),MAF,..,..,..,..,..,..,..,..,..,..,..,..
"Account ownership at a financial institution or with a mobile-money-service provider, secondary education or more (% of population ages 15+)",FX.OWN.TOTL.SO.ZS,St. Vincent and the Grenadines,VCT,..,..,..,..,..,..,..,..,..,..,..,..
"Account ownership at a financial institution or with a mobile-money-service provider, secondary education or more (% of population ages 15+)",FX.OWN.TOTL.SO.ZS,Sudan,SDN,..,..,..,28.35,..,..,..,..,..,..,..,..
"Account ownership at a financial institution or with a mobile-money-service provider, secondary education or more (% of population ages 15+)",FX.OWN.TOTL.SO.ZS,Suriname,SUR,..,..,..,..,..,..,..,..,..,..,..,..
"Account ownership at a financial institution or with a mobile-money-service provider, secondary education or more (% of population ages 15+)",FX.OWN.TOTL.SO.ZS,Sweden,SWE,..,..,..,99.83,..,..,100,..,..,..,99.67,..
"Account ownership at a financial institution or with a mobile-money-service provider, secondary education or more (% of population ages 15+)",FX.OWN.TOTL.SO.ZS,Switzerland,CHE,..,..,..,98.94,..,..,99.32,..,..,..,99.82,..
"Account ownership at a financial institution or with a mobile-money-service provider, secondary education or more (% of population ages 15+)",FX.OWN.TOTL.SO.ZS,Syrian Arab Republic,SYR,..,..,..,..,..,..,..,..,..,..,..,..
"Account ownership at a financial institution or with a mobile-money-service provider, secondary education or more (% of population ages 15+)",FX.OWN.TOTL.SO.ZS,Tajikistan,TJK,..,..,..,12.78,..,..,49.65,..,..,..,42.26,..
"Account ownership at a financial institution or with a mobile-money-service provider, secondary education or more (% of population ages 15+)",FX.OWN.TOTL.SO.ZS,Tanzania,TZA,..,..,..,68.11,..,..,66.94,..,..,..,73.5,..
"Account ownership at a financial institution or with a mobile-money-service provider, secondary education or more (% of population ages 15+)",FX.OWN.TOTL.SO.ZS,Thailand,THA,..,..,..,85.36,..,..,86.63,..,..,..,97.31,..
"Account ownership at a financial institution or with a mobile-money-service provider, secondary education or more (% of population ages 15+)",FX.OWN.TOTL.SO.ZS,Timor-Leste,TLS,..,..,..,..,..,..,..,..,..,..,..,..
"Account ownership at a financial institution or with a mobile-money-service provider, secondary education or more (% of population ages 15+)",FX.OWN.TOTL.SO.ZS,Togo,TGO,..,..,..,32.75,..,..,56.1,..,..,..,61.91,..
"Account ownership at a financial institution or with a mobile-money-service provider, secondary education or more (% of population ages 15+)",FX.OWN.TOTL.SO.ZS,Tonga,TON,..,..,..,..,..,..,..,..,..,..,..,..
"Account ownership at a financial institution or with a mobile-money-service provider, secondary education or more (% of population ages 15+)",FX.OWN.TOTL.SO.ZS,Trinidad and Tobago,TTO,..,..,..,..,..,..,81.26,..,..,..,..,..
"Account ownership at a financial institution or with a mobile-money-service provider, secondary education or more (% of population ages 15+)",FX.OWN.TOTL.SO.ZS,Tunisia,TUN,..,..,..,33.39,..,..,47.7,..,..,..,43.5,..
"Account ownership at a financial institution or with a mobile-money-service provider, secondary education or more (% of population ages 15+)",FX.OWN.TOTL.SO.ZS,Turkiye,TUR,..,..,..,60.94,..,..,74.02,..,..,..,81.75,..
"Account ownership at a financial institution or with a mobile-money-service provider, secondary education or more (% of population ages 15+)",FX.OWN.TOTL.SO.ZS,Turkmenistan,TKM,..,..,..,..,..,..,41.91,..,..,..,..,..
"Account ownership at a financial institution or with a mobile-money-service provider, secondary education or more (% of population ages 15+)",FX.OWN.TOTL.SO.ZS,Turks and Caicos Islands,TCA,..,..,..,..,..,..,..,..,..,..,..,..
"Account ownership at a financial institution or with a mobile-money-service provider, secondary education or more (% of population ages 15+)",FX.OWN.TOTL.SO.ZS,Tuvalu,TUV,..,..,..,..,..,..,..,..,..,..,..,..
"Account ownership at a financial institution or with a mobile-money-service provider, secondary education or more (% of population ages 15+)",FX.OWN.TOTL.SO.ZS,Uganda,UGA,..,..,..,56.86,..,..,76.88,..,..,..,76.35,..
"Account ownership at a financial institution or with a mobile-money-service provider, secondary education or more (% of population ages 15+)",FX.OWN.TOTL.SO.ZS,Ukraine,UKR,..,..,..,58.99,..,..,67.86,..,..,..,85.04,..
"Account ownership at a financial institution or with a mobile-money-service provider, secondary education or more (% of population ages 15+)",FX.OWN.TOTL.SO.ZS,United Arab Emirates,ARE,..,..,..,84.65,..,..,88.88,..,..,..,86.37,..
"Account ownership at a financial institution or with a mobile-money-service provider, secondary education or more (% of population ages 15+)",FX.OWN.TOTL.SO.ZS,United Kingdom,GBR,..,..,..,98.84,..,..,97.77,..,..,..,99.95,..
"Account ownership at a financial institution or with a mobile-money-service provider, secondary education or more (% of population ages 15+)",FX.OWN.TOTL.SO.ZS,United States,USA,..,..,..,94.35,..,..,94.38,..,..,..,96.38,..
"Account ownership at a financial institution or with a mobile-money-service provider, secondary education or more (% of population ages 15+)",FX.OWN.TOTL.SO.ZS,Uruguay,URY,..,..,..,52.97,..,..,69.45,..,..,..,82.92,..
"Account ownership at a financial institution or with a mobile-money-service provider, secondary education or more (% of population ages 15+)",FX.OWN.TOTL.SO.ZS,Uzbekistan,UZB,..,..,..,48.21,..,..,43.19,..,..,..,51.82,..
"Account ownership at a financial institution or with a mobile-money-service provider, secondary education or more (% of population ages 15+)",FX.OWN.TOTL.SO.ZS,Vanuatu,VUT,..,..,..,..,..,..,..,..,..,..,..,..
"Account ownership at a financial institution or with a mobile-money-service provider, secondary education or more (% of population ages 15+)",FX.OWN.TOTL.SO.ZS,"Venezuela, RB",VEN,..,..,..,63.9,..,..,78.27,..,..,..,84.77,..
"Account ownership at a financial institution or with a mobile-money-service provider, secondary education or more (% of population ages 15+)",FX.OWN.TOTL.SO.ZS,Viet Nam,VNM,..,..,..,40.16,..,..,42.43,..,..,..,..,60.69
"Account ownership at a financial institution or with a mobile-money-service provider, secondary education or more (% of population ages 15+)",FX.OWN.TOTL.SO.ZS,Virgin Islands (U.S.),VIR,..,..,..,..,..,..,..,..,..,..,..,..
"Account ownership at a financial institution or with a mobile-money-service provider, secondary education or more (% of population ages 15+)",FX.OWN.TOTL.SO.ZS,West Bank and Gaza,PSE,..,..,..,23.91,..,..,27.93,..,..,..,34.56,..
"Account ownership at a financial institution or with a mobile-money-service provider, secondary education or more (% of population ages 15+)",FX.OWN.TOTL.SO.ZS,"Yemen, Rep.",YEM,..,..,..,12.57,..,..,..,..,..,..,..,19.53
"Account ownership at a financial institution or with a mobile-money-service provider, secondary education or more (% of population ages 15+)",FX.OWN.TOTL.SO.ZS,Zambia,ZMB,..,..,..,50.9,..,..,60.14,..,..,..,67.18,..
"Account ownership at a financial institution or with a mobile-money-service provider, secondary education or more (% of population ages 15+)",FX.OWN.TOTL.SO.ZS,Zimbabwe,ZWE,..,..,..,39.89,..,..,65.23,..,..,..,67.67,..
"Account ownership at a financial institution or with a mobile-money-service provider, secondary education or more (% of population ages 15+)",FX.OWN.TOTL.SO.ZS,Africa Eastern and Southern,AFE,..,..,..,..,..,..,..,..,..,..,..,..
"Account ownership at a financial institution or with a mobile-money-service provider, secondary education or more (% of population ages 15+)",FX.OWN.TOTL.SO.ZS,Africa Western and Central,AFW,..,..,..,..,..,..,..,..,..,..,..,..
"Account ownership at a financial institution or with a mobile-money-service provider, secondary education or more (% of population ages 15+)",FX.OWN.TOTL.SO.ZS,Arab World,ARB,..,..,..,39.16,..,..,48.77,..,..,..,48.54,..
"Account ownership at a financial institution or with a mobile-money-service provider, secondary education or more (% of population ages 15+)",FX.OWN.TOTL.SO.ZS,Caribbean small states,CSS,..,..,..,..,..,..,..,..,..,..,..,..
"Account ownership at a financial institution or with a mobile-money-service provider, secondary education or more (% of population ages 15+)",FX.OWN.TOTL.SO.ZS,Central Europe and the Baltics,CEB,..,..,..,..,..,..,..,..,..,..,..,..
"Account ownership at a financial institution or with a mobile-money-service provider, secondary education or more (% of population ages 15+)",FX.OWN.TOTL.SO.ZS,Early-demographic dividend,EAR,..,..,..,..,..,..,..,..,..,..,..,..
"Account ownership at a financial institution or with a mobile-money-service provider, secondary education or more (% of population ages 15+)",FX.OWN.TOTL.SO.ZS,East Asia & Pacific,EAS,..,..,..,80.82,..,..,84.21,..,..,..,90.42,..
"Account ownership at a financial institution or with a mobile-money-service provider, secondary education or more (% of population ages 15+)",FX.OWN.TOTL.SO.ZS,East Asia & Pacific (excluding high income),EAP,..,..,..,76.49,..,..,80.49,..,..,..,88.16,..
"Account ownership at a financial institution or with a mobile-money-service provider, secondary education or more (% of population ages 15+)",FX.OWN.TOTL.SO.ZS,East Asia & Pacific (IDA & IBRD countries),TEA,..,..,..,..,..,..,..,..,..,..,..,..
"Account ownership at a financial institution or with a mobile-money-service provider, secondary education or more (% of population ages 15+)",FX.OWN.TOTL.SO.ZS,Euro area,EMU,..,..,..,97.11,..,..,97.26,..,..,..,98.93,..
"Account ownership at a financial institution or with a mobile-money-service provider, secondary education or more (% of population ages 15+)",FX.OWN.TOTL.SO.ZS,Europe & Central Asia,ECS,..,..,..,82.46,..,..,85.16,..,..,..,91.99,..
"Account ownership at a financial institution or with a mobile-money-service provider, secondary education or more (% of population ages 15+)",FX.OWN.TOTL.SO.ZS,Europe & Central Asia (excluding high income),ECA,..,..,..,63.91,..,..,70.58,..,..,..,82.42,..
"Account ownership at a financial institution or with a mobile-money-service provider, secondary education or more (% of population ages 15+)",FX.OWN.TOTL.SO.ZS,Europe & Central Asia (IDA & IBRD countries),TEC,..,..,..,..,..,..,..,..,..,..,..,..
"Account ownership at a financial institution or with a mobile-money-service provider, secondary education or more (% of population ages 15+)",FX.OWN.TOTL.SO.ZS,European Union,EUU,..,..,..,..,..,..,..,..,..,..,..,..
"Account ownership at a financial institution or with a mobile-money-service provider, secondary education or more (% of population ages 15+)",FX.OWN.TOTL.SO.ZS,Fragile and conflict affected situations,FCS,..,..,..,..,..,..,..,..,..,..,..,..
"Account ownership at a financial institution or with a mobile-money-service provider, secondary education or more (% of population ages 15+)",FX.OWN.TOTL.SO.ZS,Heavily indebted poor countries (HIPC),HPC,..,..,..,..,..,..,..,..,..,..,..,..
"Account ownership at a financial institution or with a mobile-money-service provider, secondary education or more (% of population ages 15+)",FX.OWN.TOTL.SO.ZS,High income,HIC,..,..,..,94.96,..,..,95.39,..,..,..,97.22,..
"Account ownership at a financial institution or with a mobile-money-service provider, secondary education or more (% of population ages 15+)",FX.OWN.TOTL.SO.ZS,IBRD only,IBD,..,..,..,..,..,..,..,..,..,..,..,..
"Account ownership at a financial institution or with a mobile-money-service provider, secondary education or more (% of population ages 15+)",FX.OWN.TOTL.SO.ZS,IDA & IBRD total,IBT,..,..,..,..,..,..,..,..,..,..,..,..
"Account ownership at a financial institution or with a mobile-money-service provider, secondary education or more (% of population ages 15+)",FX.OWN.TOTL.SO.ZS,IDA blend,IDB,..,..,..,..,..,..,..,..,..,..,..,..
"Account ownership at a financial institution or with a mobile-money-service provider, secondary education or more (% of population ages 15+)",FX.OWN.TOTL.SO.ZS,IDA only,IDX,..,..,..,..,..,..,..,..,..,..,..,..
"Account ownership at a financial institution or with a mobile-money-service provider, secondary education or more (% of population ages 15+)",FX.OWN.TOTL.SO.ZS,IDA total,IDA,..,..,..,..,..,..,..,..,..,..,..,..
"Account ownership at a financial institution or with a mobile-money-service provider, secondary education or more (% of population ages 15+)",FX.OWN.TOTL.SO.ZS,Late-demographic dividend,LTE,..,..,..,..,..,..,..,..,..,..,..,..
"Account ownership at a financial institution or with a mobile-money-service provider, secondary education or more (% of population ages 15+)",FX.OWN.TOTL.SO.ZS,Latin America & Caribbean,LCN,..,..,..,57.64,..,..,61.04,..,..,..,78.09,..
"Account ownership at a financial institution or with a mobile-money-service provider, secondary education or more (% of population ages 15+)",FX.OWN.TOTL.SO.ZS,Latin America & Caribbean (excluding high income),LAC,..,..,..,56.93,..,..,60.15,..,..,..,77.32,..
"Account ownership at a financial institution or with a mobile-money-service provider, secondary education or more (% of population ages 15+)",FX.OWN.TOTL.SO.ZS,Latin America & the Caribbean (IDA & IBRD countries),TLA,..,..,..,..,..,..,..,..,..,..,..,..
"Account ownership at a financial institution or with a mobile-money-service provider, secondary education or more (% of population ages 15+)",FX.OWN.TOTL.SO.ZS,Least developed countries: UN classification,LDC,..,..,..,..,..,..,..,..,..,..,..,..
"Account ownership at a financial institution or with a mobile-money-service provider, secondary education or more (% of population ages 15+)",FX.OWN.TOTL.SO.ZS,Low & middle income,LMY,..,..,..,64.3,..,..,72.08,..,..,..,78.99,..
"Account ownership at a financial institution or with a mobile-money-service provider, secondary education or more (% of population ages 15+)",FX.OWN.TOTL.SO.ZS,Low income,LIC,..,..,..,30.35,..,..,46.78,..,..,..,62.4,..
"Account ownership at a financial institution or with a mobile-money-service provider, secondary education or more (% of population ages 15+)",FX.OWN.TOTL.SO.ZS,Lower middle income,LMC,..,..,..,55.33,..,..,67.53,..,..,..,69.23,..
"Account ownership at a financial institution or with a mobile-money-service provider, secondary education or more (% of population ages 15+)",FX.OWN.TOTL.SO.ZS,Middle East & North Africa,MEA,..,..,..,..,..,..,61.28,..,..,..,61.57,..
"Account ownership at a financial institution or with a mobile-money-service provider, secondary education or more (% of population ages 15+)",FX.OWN.TOTL.SO.ZS,Middle East & North Africa (excluding high income),MNA,..,..,..,..,..,..,56.76,..,..,..,56,..
"Account ownership at a financial institution or with a mobile-money-service provider, secondary education or more (% of population ages 15+)",FX.OWN.TOTL.SO.ZS,Middle East & North Africa (IDA & IBRD countries),TMN,..,..,..,..,..,..,..,..,..,..,..,..
"Account ownership at a financial institution or with a mobile-money-service provider, secondary education or more (% of population ages 15+)",FX.OWN.TOTL.SO.ZS,Middle income,MIC,..,..,..,65.54,..,..,72.97,..,..,..,79.29,..
"Account ownership at a financial institution or with a mobile-money-service provider, secondary education or more (% of population ages 15+)",FX.OWN.TOTL.SO.ZS,North America,NAC,..,..,..,94.85,..,..,94.95,..,..,..,96.75,..
"Account ownership at a financial institution or with a mobile-money-service provider, secondary education or more (% of population ages 15+)",FX.OWN.TOTL.SO.ZS,Not classified,INX,..,..,..,..,..,..,..,..,..,..,..,..
"Account ownership at a financial institution or with a mobile-money-service provider, secondary education or more (% of population ages 15+)",FX.OWN.TOTL.SO.ZS,OECD members,OED,..,..,..,95.74,..,..,96.15,..,..,..,98.03,..
"Account ownership at a financial institution or with a mobile-money-service provider, secondary education or more (% of population ages 15+)",FX.OWN.TOTL.SO.ZS,Other small states,OSS,..,..,..,..,..,..,..,..,..,..,..,..
"Account ownership at a financial institution or with a mobile-money-service provider, secondary education or more (% of population ages 15+)",FX.OWN.TOTL.SO.ZS,Pacific island small states,PSS,..,..,..,..,..,..,..,..,..,..,..,..
"Account ownership at a financial institution or with a mobile-money-service provider, secondary education or more (% of population ages 15+)",FX.OWN.TOTL.SO.ZS,Post-demographic dividend,PST,..,..,..,..,..,..,..,..,..,..,..,..
"Account ownership at a financial institution or with a mobile-money-service provider, secondary education or more (% of population ages 15+)",FX.OWN.TOTL.SO.ZS,Pre-demographic dividend,PRE,..,..,..,..,..,..,..,..,..,..,..,..
"Account ownership at a financial institution or with a mobile-money-service provider, secondary education or more (% of population ages 15+)",FX.OWN.TOTL.SO.ZS,Small states,SST,..,..,..,..,..,..,..,..,..,..,..,..
"Account ownership at a financial institution or with a mobile-money-service provider, secondary education or more (% of population ages 15+)",FX.OWN.TOTL.SO.ZS,South Asia,SAS,..,..,..,59.58,..,..,77.57,..,..,..,72.82,..
"Account ownership at a financial institution or with a mobile-money-service provider, secondary education or more (% of population ages 15+)",FX.OWN.TOTL.SO.ZS,South Asia (IDA & IBRD),TSA,..,..,..,..,..,..,..,..,..,..,..,..
"Account ownership at a financial institution or with a mobile-money-service provider, secondary education or more (% of population ages 15+)",FX.OWN.TOTL.SO.ZS,Sub-Saharan Africa,SSF,..,..,..,51.55,..,..,60.26,..,..,..,74.21,..
"Account ownership at a financial institution or with a mobile-money-service provider, secondary education or more (% of population ages 15+)",FX.OWN.TOTL.SO.ZS,Sub-Saharan Africa (excluding high income),SSA,..,..,..,51.55,..,..,60.26,..,..,..,74.21,..
"Account ownership at a financial institution or with a mobile-money-service provider, secondary education or more (% of population ages 15+)",FX.OWN.TOTL.SO.ZS,Sub-Saharan Africa (IDA & IBRD countries),TSS,..,..,..,..,..,..,..,..,..,..,..,..
"Account ownership at a financial institution or with a mobile-money-service provider, secondary education or more (% of population ages 15+)",FX.OWN.TOTL.SO.ZS,Upper middle income,UMC,..,..,..,76.11,..,..,79.16,..,..,..,89.25,..
"Account ownership at a financial institution or with a mobile-money-service provider, secondary education or more (% of population ages 15+)",FX.OWN.TOTL.SO.ZS,World,WLD,..,..,..,73.22,..,..,78.6,..,..,..,84.62,..
,,,,,,,,,,,,,,,
,,,,,,,,,,,,,,,
,,,,,,,,,,,,,,,
Data from database: World Development Indicators,,,,,,,,,,,,,,,
Last Updated: 02/21/2024,,,,,,,,,,,,,,,
